Keywords,Word_appeared,tf_score,idf_score,tf_idf_together_score
java,135,0.005450801469697581,-4.90527477843843,-0.02673767897158267
int,104,0.004199135947026285,-4.6443908991413725,-0.01950242877662627
data,62,0.002503331045342593,-4.127134385045092,-0.01033158363438429
applet,57,0.0023014495094278676,-4.04305126783455,-0.009304878356949544
hi,56,0.002261073202244923,-4.02535169073515,-0.009101614837532539
object,53,0.0021399442806960874,-3.970291913552122,-0.008496203473099788
new,52,0.0020995679735131426,-3.951243718581427,-0.008295904767078541
basic,50,0.0020188153591472525,-3.912023005428146,-0.007897652128695736
basics,49,0.0019784390519643072,-3.891820298110627,-0.007699729261009436
button,48,0.0019380627447813624,-3.871201010907891,-0.007502630456800532
code,44,0.0017765575160495822,-3.784189633918261,-0.006722830536294404
class,43,0.0017361812088666371,-3.7612001156935624,-0.006530124963654184
id,41,0.001655428594500747,-3.713572066704308,-0.006147553386961547
method,39,0.001574675980134857,-3.6635616461296463,-0.0057689225259036706
array,34,0.0013727944442201317,-3.5263605246161616,-0.0048409681365102555
use,32,0.0012920418298542416,-3.4657359027997265,-0.004477875757644901
string,32,0.0012920418298542416,-3.4657359027997265,-0.004477875757644901
call,27,0.0010901602939395163,-3.295836866004329,-0.003592990486619974
type,26,0.0010497839867565713,-3.258096538021482,-0.0034202975729219743
objects,26,0.0010497839867565713,-3.258096538021482,-0.0034202975729219743
serve,25,0.0010094076795736262,-3.2188758248682006,-0.0032491579772158524
public,24,0.0009690313723906812,-3.1780538303479458,-0.003079633864753531
point,24,0.0009690313723906812,-3.1780538303479458,-0.003079633864753531
reserve,24,0.0009690313723906812,-3.1780538303479458,-0.003079633864753531
rights,23,0.0009286550652077361,-3.1354942159291497,-0.002911792585552164
reserved,23,0.0009286550652077361,-3.1354942159291497,-0.002911792585552164
program,23,0.0009286550652077361,-3.1354942159291497,-0.002911792585552164
example,22,0.0008882787580247911,-3.0910424533583156,-0.002745707351471028
init,22,0.0008882787580247911,-3.0910424533583156,-0.002745707351471028
refer,22,0.0008882787580247911,-3.0910424533583156,-0.002745707351471028
comment,20,0.000807526143658901,-2.995732273553991,-0.002419132130297566
one,19,0.000767149836475956,-2.9444389791664407,-0.0022588258813809655
allocate,19,0.000767149836475956,-2.9444389791664407,-0.0022588258813809655
param,18,0.0007267735292930109,-2.890371757896165,-0.00210064568345504
pointer,18,0.0007267735292930109,-2.890371757896165,-0.00210064568345504
ack,17,0.0006863972221100658,-2.833213344056216,-0.001944709769005357
null,17,0.0006863972221100658,-2.833213344056216,-0.001944709769005357
return,16,0.0006460209149271208,-2.772588722239781,-0.0017911503030579603
define,16,0.0006460209149271208,-2.772588722239781,-0.0017911503030579603
const,16,0.0006460209149271208,-2.772588722239781,-0.0017911503030579603
void,15,0.0006056446077441757,-2.70805020110221,-0.0016401160017980843
port,15,0.0006056446077441757,-2.70805020110221,-0.0016401160017980843
ok,15,0.0006056446077441757,-2.70805020110221,-0.0016401160017980843
application,15,0.0006056446077441757,-2.70805020110221,-0.0016401160017980843
memory,15,0.0006056446077441757,-2.70805020110221,-0.0016401160017980843
types,15,0.0006056446077441757,-2.70805020110221,-0.0016401160017980843
language,15,0.0006056446077441757,-2.70805020110221,-0.0016401160017980843
ten,14,0.0005652683005612307,-2.639057329615259,-0.001491775451795277
comments,14,0.0005652683005612307,-2.639057329615259,-0.001491775451795277
primitive,14,0.0005652683005612307,-2.639057329615259,-0.001491775451795277
expr,14,0.0005652683005612307,-2.639057329615259,-0.001491775451795277
system,14,0.0005652683005612307,-2.639057329615259,-0.001491775451795277
parameter,14,0.0005652683005612307,-2.639057329615259,-0.001491775451795277
reference,14,0.0005652683005612307,-2.639057329615259,-0.001491775451795277
make,13,0.0005248919933782856,-2.5649493574615367,-0.001346321381152339
variable,13,0.0005248919933782856,-2.5649493574615367,-0.001346321381152339
run,13,0.0005248919933782856,-2.5649493574615367,-0.001346321381152339
operator,13,0.0005248919933782856,-2.5649493574615367,-0.001346321381152339
element,13,0.0005248919933782856,-2.5649493574615367,-0.001346321381152339
time,12,0.0004845156861953406,-2.4849066497880004,-0.001203976250553398
may,12,0.0004845156861953406,-2.4849066497880004,-0.001203976250553398
value,12,0.0004845156861953406,-2.4849066497880004,-0.001203976250553398
browser,12,0.0004845156861953406,-2.4849066497880004,-0.001203976250553398
basicsjava,11,0.00044413937901239555,-2.3978952727983707,-0.0010649997173974271
form,11,0.00044413937901239555,-2.3978952727983707,-0.0010649997173974271
end,11,0.00044413937901239555,-2.3978952727983707,-0.0010649997173974271
garbage,11,0.00044413937901239555,-2.3978952727983707,-0.0010649997173974271
state,11,0.00044413937901239555,-2.3978952727983707,-0.0010649997173974271
methods,11,0.00044413937901239555,-2.3978952727983707,-0.0010649997173974271
two,10,0.0004037630718294505,-2.3025850929940455,-0.0009296988302959767
following,10,0.0004037630718294505,-2.3025850929940455,-0.0009296988302959767
defined,10,0.0004037630718294505,-2.3025850929940455,-0.0009296988302959767
would,10,0.0004037630718294505,-2.3025850929940455,-0.0009296988302959767
constant,10,0.0004037630718294505,-2.3025850929940455,-0.0009296988302959767
file,10,0.0004037630718294505,-2.3025850929940455,-0.0009296988302959767
applets,10,0.0004037630718294505,-2.3025850929940455,-0.0009296988302959767
stack,10,0.0004037630718294505,-2.3025850929940455,-0.0009296988302959767
runtime,10,0.0004037630718294505,-2.3025850929940455,-0.0009296988302959767
byte,9,0.00036338676464650545,-2.1972245773362196,-0.0007984423303599943
called,9,0.00036338676464650545,-2.1972245773362196,-0.0007984423303599943
statement,9,0.00036338676464650545,-2.1972245773362196,-0.0007984423303599943
boolean,9,0.00036338676464650545,-2.1972245773362196,-0.0007984423303599943
main,9,0.00036338676464650545,-2.1972245773362196,-0.0007984423303599943
ill,9,0.00036338676464650545,-2.1972245773362196,-0.0007984423303599943
applications,9,0.00036338676464650545,-2.1972245773362196,-0.0007984423303599943
collection,9,0.00036338676464650545,-2.1972245773362196,-0.0007984423303599943
ints,8,0.0003230104574635604,-2.0794415416798357,-0.000671681363646735
definition,8,0.0003230104574635604,-2.0794415416798357,-0.000671681363646735
variables,8,0.0003230104574635604,-2.0794415416798357,-0.000671681363646735
programs,8,0.0003230104574635604,-2.0794415416798357,-0.000671681363646735
create,8,0.0003230104574635604,-2.0794415416798357,-0.000671681363646735
cause,8,0.0003230104574635604,-2.0794415416798357,-0.000671681363646735
style,8,0.0003230104574635604,-2.0794415416798357,-0.000671681363646735
source,8,0.0003230104574635604,-2.0794415416798357,-0.000671681363646735
size,8,0.0003230104574635604,-2.0794415416798357,-0.000671681363646735
contain,7,0.00028263415028061535,-1.9459101490553135,-0.000549980661500674
arrays,7,0.00028263415028061535,-1.9459101490553135,-0.000549980661500674
struct,7,0.00028263415028061535,-1.9459101490553135,-0.000549980661500674
args,7,0.00028263415028061535,-1.9459101490553135,-0.000549980661500674
bits,7,0.00028263415028061535,-1.9459101490553135,-0.000549980661500674
via,7,0.00028263415028061535,-1.9459101490553135,-0.000549980661500674
parameters,7,0.00028263415028061535,-1.9459101490553135,-0.000549980661500674
pointers,7,0.00028263415028061535,-1.9459101490553135,-0.000549980661500674
instance,7,0.00028263415028061535,-1.9459101490553135,-0.000549980661500674
table,7,0.00028263415028061535,-1.9459101490553135,-0.000549980661500674
draw,7,0.00028263415028061535,-1.9459101490553135,-0.000549980661500674
literal,7,0.00028263415028061535,-1.9459101490553135,-0.000549980661500674
foo,7,0.00028263415028061535,-1.9459101490553135,-0.000549980661500674
heap,6,0.0002422578430976703,-1.791759469228055,-0.00043406778436501516
equal,6,0.0002422578430976703,-1.791759469228055,-0.00043406778436501516
sizeof,6,0.0002422578430976703,-1.791759469228055,-0.00043406778436501516
thread,6,0.0002422578430976703,-1.791759469228055,-0.00043406778436501516
exception,6,0.0002422578430976703,-1.791759469228055,-0.00043406778436501516
need,6,0.0002422578430976703,-1.791759469228055,-0.00043406778436501516
true,6,0.0002422578430976703,-1.791759469228055,-0.00043406778436501516
trivial,6,0.0002422578430976703,-1.791759469228055,-0.00043406778436501516
semantics,6,0.0002422578430976703,-1.791759469228055,-0.00043406778436501516
width,6,0.0002422578430976703,-1.791759469228055,-0.00043406778436501516
calloc,6,0.0002422578430976703,-1.791759469228055,-0.00043406778436501516
automatic,6,0.0002422578430976703,-1.791759469228055,-0.00043406778436501516
strings,6,0.0002422578430976703,-1.791759469228055,-0.00043406778436501516
note,6,0.0002422578430976703,-1.791759469228055,-0.00043406778436501516
statements,6,0.0002422578430976703,-1.791759469228055,-0.00043406778436501516
integer,6,0.0002422578430976703,-1.791759469228055,-0.00043406778436501516
execute,6,0.0002422578430976703,-1.791759469228055,-0.00043406778436501516
portable,6,0.0002422578430976703,-1.791759469228055,-0.00043406778436501516
equivalent,6,0.0002422578430976703,-1.791759469228055,-0.00043406778436501516
test,6,0.0002422578430976703,-1.791759469228055,-0.00043406778436501516
version,6,0.0002422578430976703,-1.791759469228055,-0.00043406778436501516
elements,5,0.00020188153591472525,-1.6094379124341003,-0.00032491579772158524
static,5,0.00020188153591472525,-1.6094379124341003,-0.00032491579772158524
clone,5,0.00020188153591472525,-1.6094379124341003,-0.00032491579772158524
executed,5,0.00020188153591472525,-1.6094379124341003,-0.00032491579772158524
buttons,5,0.00020188153591472525,-1.6094379124341003,-0.00032491579772158524
set,5,0.00020188153591472525,-1.6094379124341003,-0.00032491579772158524
stop,5,0.00020188153591472525,-1.6094379124341003,-0.00032491579772158524
uses,5,0.00020188153591472525,-1.6094379124341003,-0.00032491579772158524
threads,5,0.00020188153591472525,-1.6094379124341003,-0.00032491579772158524
like,5,0.00020188153591472525,-1.6094379124341003,-0.00032491579772158524
start,5,0.00020188153591472525,-1.6094379124341003,-0.00032491579772158524
instantiate,5,0.00020188153591472525,-1.6094379124341003,-0.00032491579772158524
import,5,0.00020188153591472525,-1.6094379124341003,-0.00032491579772158524
used,5,0.00020188153591472525,-1.6094379124341003,-0.00032491579772158524
machine,5,0.00020188153591472525,-1.6094379124341003,-0.00032491579772158524
platform,5,0.00020188153591472525,-1.6094379124341003,-0.00032491579772158524
write,5,0.00020188153591472525,-1.6094379124341003,-0.00032491579772158524
predefined,5,0.00020188153591472525,-1.6094379124341003,-0.00032491579772158524
using,5,0.00020188153591472525,-1.6094379124341003,-0.00032491579772158524
passed,5,0.00020188153591472525,-1.6094379124341003,-0.00032491579772158524
consider,5,0.00020188153591472525,-1.6094379124341003,-0.00032491579772158524
allocates,5,0.00020188153591472525,-1.6094379124341003,-0.00032491579772158524
effect,5,0.00020188153591472525,-1.6094379124341003,-0.00032491579772158524
initial,5,0.00020188153591472525,-1.6094379124341003,-0.00032491579772158524
compile,5,0.00020188153591472525,-1.6094379124341003,-0.00032491579772158524
access,5,0.00020188153591472525,-1.6094379124341003,-0.00032491579772158524
expressions,5,0.00020188153591472525,-1.6094379124341003,-0.00032491579772158524
length,5,0.00020188153591472525,-1.6094379124341003,-0.00032491579772158524
way,5,0.00020188153591472525,-1.6094379124341003,-0.00032491579772158524
tag,5,0.00020188153591472525,-1.6094379124341003,-0.00032491579772158524
similar,5,0.00020188153591472525,-1.6094379124341003,-0.00032491579772158524
document,4,0.0001615052287317802,-1.3862943611198906,-0.00022389378788224503
false,4,0.0001615052287317802,-1.3862943611198906,-0.00022389378788224503
initialize,4,0.0001615052287317802,-1.3862943611198906,-0.00022389378788224503
compiler,4,0.0001615052287317802,-1.3862943611198906,-0.00022389378788224503
list,4,0.0001615052287317802,-1.3862943611198906,-0.00022389378788224503
execution,4,0.0001615052287317802,-1.3862943611198906,-0.00022389378788224503
definitions,4,0.0001615052287317802,-1.3862943611198906,-0.00022389378788224503
graphics,4,0.0001615052287317802,-1.3862943611198906,-0.00022389378788224503
invoke,4,0.0001615052287317802,-1.3862943611198906,-0.00022389378788224503
makes,4,0.0001615052287317802,-1.3862943611198906,-0.00022389378788224503
part,4,0.0001615052287317802,-1.3862943611198906,-0.00022389378788224503
simple,4,0.0001615052287317802,-1.3862943611198906,-0.00022389378788224503
final,4,0.0001615052287317802,-1.3862943611198906,-0.00022389378788224503
free,4,0.0001615052287317802,-1.3862943611198906,-0.00022389378788224503
copy,4,0.0001615052287317802,-1.3862943611198906,-0.00022389378788224503
www,4,0.0001615052287317802,-1.3862943611198906,-0.00022389378788224503
blah,4,0.0001615052287317802,-1.3862943611198906,-0.00022389378788224503
however,4,0.0001615052287317802,-1.3862943611198906,-0.00022389378788224503
library,4,0.0001615052287317802,-1.3862943611198906,-0.00022389378788224503
space,4,0.0001615052287317802,-1.3862943611198906,-0.00022389378788224503
must,4,0.0001615052287317802,-1.3862943611198906,-0.00022389378788224503
paint,4,0.0001615052287317802,-1.3862943611198906,-0.00022389378788224503
place,4,0.0001615052287317802,-1.3862943611198906,-0.00022389378788224503
drawn,4,0.0001615052287317802,-1.3862943611198906,-0.00022389378788224503
look,4,0.0001615052287317802,-1.3862943611198906,-0.00022389378788224503
therefore,4,0.0001615052287317802,-1.3862943611198906,-0.00022389378788224503
view,4,0.0001615052287317802,-1.3862943611198906,-0.00022389378788224503
else,4,0.0001615052287317802,-1.3862943611198906,-0.00022389378788224503
pointernull,4,0.0001615052287317802,-1.3862943611198906,-0.00022389378788224503
operators,4,0.0001615052287317802,-1.3862943611198906,-0.00022389378788224503
getparameter,4,0.0001615052287317802,-1.3862943611198906,-0.00022389378788224503
animations,4,0.0001615052287317802,-1.3862943611198906,-0.00022389378788224503
line,4,0.0001615052287317802,-1.3862943611198906,-0.00022389378788224503
quit,4,0.0001615052287317802,-1.3862943611198906,-0.00022389378788224503
convert,4,0.0001615052287317802,-1.3862943611198906,-0.00022389378788224503
either,3,0.00012112892154883515,-1.0986122886681098,-0.0001330737217266657
automatically,3,0.00012112892154883515,-1.0986122886681098,-0.0001330737217266657
case,3,0.00012112892154883515,-1.0986122886681098,-0.0001330737217266657
classes,3,0.00012112892154883515,-1.0986122886681098,-0.0001330737217266657
first,3,0.00012112892154883515,-1.0986122886681098,-0.0001330737217266657
window,3,0.00012112892154883515,-1.0986122886681098,-0.0001330737217266657
appletviewer,3,0.00012112892154883515,-1.0986122886681098,-0.0001330737217266657
inthis,3,0.00012112892154883515,-1.0986122886681098,-0.0001330737217266657
include,3,0.00012112892154883515,-1.0986122886681098,-0.0001330737217266657
creates,3,0.00012112892154883515,-1.0986122886681098,-0.0001330737217266657
arithmetic,3,0.00012112892154883515,-1.0986122886681098,-0.0001330737217266657
collector,3,0.00012112892154883515,-1.0986122886681098,-0.0001330737217266657
leave,3,0.00012112892154883515,-1.0986122886681098,-0.0001330737217266657
ignore,3,0.00012112892154883515,-1.0986122886681098,-0.0001330737217266657
default,3,0.00012112892154883515,-1.0986122886681098,-0.0001330737217266657
link,3,0.00012112892154883515,-1.0986122886681098,-0.0001330737217266657
double,3,0.00012112892154883515,-1.0986122886681098,-0.0001330737217266657
easily,3,0.00012112892154883515,-1.0986122886681098,-0.0001330737217266657
robust,3,0.00012112892154883515,-1.0986122886681098,-0.0001330737217266657
bounds,3,0.00012112892154883515,-1.0986122886681098,-0.0001330737217266657
bfoo,3,0.00012112892154883515,-1.0986122886681098,-0.0001330737217266657
contrast,3,0.00012112892154883515,-1.0986122886681098,-0.0001330737217266657
awt,3,0.00012112892154883515,-1.0986122886681098,-0.0001330737217266657
section,3,0.00012112892154883515,-1.0986122886681098,-0.0001330737217266657
output,3,0.00012112892154883515,-1.0986122886681098,-0.0001330737217266657
assigned,3,0.00012112892154883515,-1.0986122886681098,-0.0001330737217266657
defines,3,0.00012112892154883515,-1.0986122886681098,-0.0001330737217266657
gui,3,0.00012112892154883515,-1.0986122886681098,-0.0001330737217266657
limited,3,0.00012112892154883515,-1.0986122886681098,-0.0001330737217266657
reside,3,0.00012112892154883515,-1.0986122886681098,-0.0001330737217266657
destroy,3,0.00012112892154883515,-1.0986122886681098,-0.0001330737217266657
function,3,0.00012112892154883515,-1.0986122886681098,-0.0001330737217266657
every,3,0.00012112892154883515,-1.0986122886681098,-0.0001330737217266657
item,3,0.00012112892154883515,-1.0986122886681098,-0.0001330737217266657
height,3,0.00012112892154883515,-1.0986122886681098,-0.0001330737217266657
structure,3,0.00012112892154883515,-1.0986122886681098,-0.0001330737217266657
address,3,0.00012112892154883515,-1.0986122886681098,-0.0001330737217266657
declaration,3,0.00012112892154883515,-1.0986122886681098,-0.0001330737217266657
life,3,0.00012112892154883515,-1.0986122886681098,-0.0001330737217266657
package,3,0.00012112892154883515,-1.0986122886681098,-0.0001330737217266657
loop,3,0.00012112892154883515,-1.0986122886681098,-0.0001330737217266657
argument,3,0.00012112892154883515,-1.0986122886681098,-0.0001330737217266657
references,3,0.00012112892154883515,-1.0986122886681098,-0.0001330737217266657
optional,3,0.00012112892154883515,-1.0986122886681098,-0.0001330737217266657
allow,3,0.00012112892154883515,-1.0986122886681098,-0.0001330737217266657
nothing,3,0.00012112892154883515,-1.0986122886681098,-0.0001330737217266657
always,3,0.00012112892154883515,-1.0986122886681098,-0.0001330737217266657
messages,3,0.00012112892154883515,-1.0986122886681098,-0.0001330737217266657
text,3,0.00012112892154883515,-1.0986122886681098,-0.0001330737217266657
label,3,0.00012112892154883515,-1.0986122886681098,-0.0001330737217266657
dynamic,3,0.00012112892154883515,-1.0986122886681098,-0.0001330737217266657
char,3,0.00012112892154883515,-1.0986122886681098,-0.0001330737217266657
equals,3,0.00012112892154883515,-1.0986122886681098,-0.0001330737217266657
within,3,0.00012112892154883515,-1.0986122886681098,-0.0001330737217266657
extends,3,0.00012112892154883515,-1.0986122886681098,-0.0001330737217266657
compilation,3,0.00012112892154883515,-1.0986122886681098,-0.0001330737217266657
float,3,0.00012112892154883515,-1.0986122886681098,-0.0001330737217266657
shows,3,0.00012112892154883515,-1.0986122886681098,-0.0001330737217266657
programming,3,0.00012112892154883515,-1.0986122886681098,-0.0001330737217266657
resources,3,0.00012112892154883515,-1.0986122886681098,-0.0001330737217266657
html,3,0.00012112892154883515,-1.0986122886681098,-0.0001330737217266657
codevoid,3,0.00012112892154883515,-1.0986122886681098,-0.0001330737217266657
dispose,3,0.00012112892154883515,-1.0986122886681098,-0.0001330737217266657
hard,3,0.00012112892154883515,-1.0986122886681098,-0.0001330737217266657
push,3,0.00012112892154883515,-1.0986122886681098,-0.0001330737217266657
typename,3,0.00012112892154883515,-1.0986122886681098,-0.0001330737217266657
trivialapplication,3,0.00012112892154883515,-1.0986122886681098,-0.0001330737217266657
allocated,3,0.00012112892154883515,-1.0986122886681098,-0.0001330737217266657
second,2,8.07526143658901e-05,-0.6931471805599453,-5.597344697056126e-05
dereference,2,8.07526143658901e-05,-0.6931471805599453,-5.597344697056126e-05
perform,2,8.07526143658901e-05,-0.6931471805599453,-5.597344697056126e-05
arguments,2,8.07526143658901e-05,-0.6931471805599453,-5.597344697056126e-05
lifecycle,2,8.07526143658901e-05,-0.6931471805599453,-5.597344697056126e-05
comparison,2,8.07526143658901e-05,-0.6931471805599453,-5.597344697056126e-05
done,2,8.07526143658901e-05,-0.6931471805599453,-5.597344697056126e-05
hardware,2,8.07526143658901e-05,-0.6931471805599453,-5.597344697056126e-05
invoked,2,8.07526143658901e-05,-0.6931471805599453,-5.597344697056126e-05
environment,2,8.07526143658901e-05,-0.6931471805599453,-5.597344697056126e-05
dynamically,2,8.07526143658901e-05,-0.6931471805599453,-5.597344697056126e-05
delimited,2,8.07526143658901e-05,-0.6931471805599453,-5.597344697056126e-05
placed,2,8.07526143658901e-05,-0.6931471805599453,-5.597344697056126e-05
bar,2,8.07526143658901e-05,-0.6931471805599453,-5.597344697056126e-05
tothe,2,8.07526143658901e-05,-0.6931471805599453,-5.597344697056126e-05
standard,2,8.07526143658901e-05,-0.6931471805599453,-5.597344697056126e-05
documentation,2,8.07526143658901e-05,-0.6931471805599453,-5.597344697056126e-05
particular,2,8.07526143658901e-05,-0.6931471805599453,-5.597344697056126e-05
subclass,2,8.07526143658901e-05,-0.6931471805599453,-5.597344697056126e-05
etc,2,8.07526143658901e-05,-0.6931471805599453,-5.597344697056126e-05
opening,2,8.07526143658901e-05,-0.6931471805599453,-5.597344697056126e-05
break,2,8.07526143658901e-05,-0.6931471805599453,-5.597344697056126e-05
ignored,2,8.07526143658901e-05,-0.6931471805599453,-5.597344697056126e-05
come,2,8.07526143658901e-05,-0.6931471805599453,-5.597344697056126e-05
concatenate,2,8.07526143658901e-05,-0.6931471805599453,-5.597344697056126e-05
addition,2,8.07526143658901e-05,-0.6931471805599453,-5.597344697056126e-05
prints,2,8.07526143658901e-05,-0.6931471805599453,-5.597344697056126e-05
unicode,2,8.07526143658901e-05,-0.6931471805599453,-5.597344697056126e-05
menu,2,8.07526143658901e-05,-0.6931471805599453,-5.597344697056126e-05
points,2,8.07526143658901e-05,-0.6931471805599453,-5.597344697056126e-05
instead,2,8.07526143658901e-05,-0.6931471805599453,-5.597344697056126e-05
behavior,2,8.07526143658901e-05,-0.6931471805599453,-5.597344697056126e-05
task,2,8.07526143658901e-05,-0.6931471805599453,-5.597344697056126e-05
values,2,8.07526143658901e-05,-0.6931471805599453,-5.597344697056126e-05
keyword,2,8.07526143658901e-05,-0.6931471805599453,-5.597344697056126e-05
left,2,8.07526143658901e-05,-0.6931471805599453,-5.597344697056126e-05
addresses,2,8.07526143658901e-05,-0.6931471805599453,-5.597344697056126e-05
freed,2,8.07526143658901e-05,-0.6931471805599453,-5.597344697056126e-05
hello,2,8.07526143658901e-05,-0.6931471805599453,-5.597344697056126e-05
added,2,8.07526143658901e-05,-0.6931471805599453,-5.597344697056126e-05
level,2,8.07526143658901e-05,-0.6931471805599453,-5.597344697056126e-05
containing,2,8.07526143658901e-05,-0.6931471805599453,-5.597344697056126e-05
secure,2,8.07526143658901e-05,-0.6931471805599453,-5.597344697056126e-05
checking,2,8.07526143658901e-05,-0.6931471805599453,-5.597344697056126e-05
expressionsitemexamples,2,8.07526143658901e-05,-0.6931471805599453,-5.597344697056126e-05
interpreted,2,8.07526143658901e-05,-0.6931471805599453,-5.597344697056126e-05
handling,2,8.07526143658901e-05,-0.6931471805599453,-5.597344697056126e-05
calls,2,8.07526143658901e-05,-0.6931471805599453,-5.597344697056126e-05
declarations,2,8.07526143658901e-05,-0.6931471805599453,-5.597344697056126e-05
unit,2,8.07526143658901e-05,-0.6931471805599453,-5.597344697056126e-05
valid,2,8.07526143658901e-05,-0.6931471805599453,-5.597344697056126e-05
complete,2,8.07526143658901e-05,-0.6931471805599453,-5.597344697056126e-05
unlike,2,8.07526143658901e-05,-0.6931471805599453,-5.597344697056126e-05
constants,2,8.07526143658901e-05,-0.6931471805599453,-5.597344697056126e-05
alt,2,8.07526143658901e-05,-0.6931471805599453,-5.597344697056126e-05
codeint,2,8.07526143658901e-05,-0.6931471805599453,-5.597344697056126e-05
components,2,8.07526143658901e-05,-0.6931471805599453,-5.597344697056126e-05
instanceof,2,8.07526143658901e-05,-0.6931471805599453,-5.597344697056126e-05
initialized,2,8.07526143658901e-05,-0.6931471805599453,-5.597344697056126e-05
illustrate,2,8.07526143658901e-05,-0.6931471805599453,-5.597344697056126e-05
written,2,8.07526143658901e-05,-0.6931471805599453,-5.597344697056126e-05
handle,2,8.07526143658901e-05,-0.6931471805599453,-5.597344697056126e-05
vector,2,8.07526143658901e-05,-0.6931471805599453,-5.597344697056126e-05
orin,2,8.07526143658901e-05,-0.6931471805599453,-5.597344697056126e-05
instantiated,2,8.07526143658901e-05,-0.6931471805599453,-5.597344697056126e-05
ieee,2,8.07526143658901e-05,-0.6931471805599453,-5.597344697056126e-05
variablename,2,8.07526143658901e-05,-0.6931471805599453,-5.597344697056126e-05
labels,2,8.07526143658901e-05,-0.6931471805599453,-5.597344697056126e-05
causes,2,8.07526143658901e-05,-0.6931471805599453,-5.597344697056126e-05
world,2,8.07526143658901e-05,-0.6931471805599453,-5.597344697056126e-05
continue,2,8.07526143658901e-05,-0.6931471805599453,-5.597344697056126e-05
trivialapplet,2,8.07526143658901e-05,-0.6931471805599453,-5.597344697056126e-05
employee,2,8.07526143658901e-05,-0.6931471805599453,-5.597344697056126e-05
features,2,8.07526143658901e-05,-0.6931471805599453,-5.597344697056126e-05
suspend,2,8.07526143658901e-05,-0.6931471805599453,-5.597344697056126e-05
syntax,2,8.07526143658901e-05,-0.6931471805599453,-5.597344697056126e-05
simply,2,8.07526143658901e-05,-0.6931471805599453,-5.597344697056126e-05
versions,2,8.07526143658901e-05,-0.6931471805599453,-5.597344697056126e-05
buttonsbutton,2,8.07526143658901e-05,-0.6931471805599453,-5.597344697056126e-05
longer,2,8.07526143658901e-05,-0.6931471805599453,-5.597344697056126e-05
specific,2,8.07526143658901e-05,-0.6931471805599453,-5.597344697056126e-05
constructor,2,8.07526143658901e-05,-0.6931471805599453,-5.597344697056126e-05
mml,2,8.07526143658901e-05,-0.6931471805599453,-5.597344697056126e-05
web,2,8.07526143658901e-05,-0.6931471805599453,-5.597344697056126e-05
declare,2,8.07526143658901e-05,-0.6931471805599453,-5.597344697056126e-05
index,2,8.07526143658901e-05,-0.6931471805599453,-5.597344697056126e-05
host,2,8.07526143658901e-05,-0.6931471805599453,-5.597344697056126e-05
display,2,8.07526143658901e-05,-0.6931471805599453,-5.597344697056126e-05
contains,2,8.07526143658901e-05,-0.6931471805599453,-5.597344697056126e-05
available,2,8.07526143658901e-05,-0.6931471805599453,-5.597344697056126e-05
sockets,2,8.07526143658901e-05,-0.6931471805599453,-5.597344697056126e-05
bad,2,8.07526143658901e-05,-0.6931471805599453,-5.597344697056126e-05
instantiates,2,8.07526143658901e-05,-0.6931471805599453,-5.597344697056126e-05
wide,2,8.07526143658901e-05,-0.6931471805599453,-5.597344697056126e-05
thesame,2,8.07526143658901e-05,-0.6931471805599453,-5.597344697056126e-05
yet,2,8.07526143658901e-05,-0.6931471805599453,-5.597344697056126e-05
thatknow,1,4.037630718294505e-05,0.0,0.0
systemresources,1,4.037630718294505e-05,0.0,0.0
arraya,1,4.037630718294505e-05,0.0,0.0
buttonobject,1,4.037630718294505e-05,0.0,0.0
priority,1,4.037630718294505e-05,0.0,0.0
interpreter,1,4.037630718294505e-05,0.0,0.0
corner,1,4.037630718294505e-05,0.0,0.0
becausethey,1,4.037630718294505e-05,0.0,0.0
img,1,4.037630718294505e-05,0.0,0.0
number,1,4.037630718294505e-05,0.0,0.0
errors,1,4.037630718294505e-05,0.0,0.0
programmingthe,1,4.037630718294505e-05,0.0,0.0
places,1,4.037630718294505e-05,0.0,0.0
native,1,4.037630718294505e-05,0.0,0.0
provided,1,4.037630718294505e-05,0.0,0.0
messagesfrom,1,4.037630718294505e-05,0.0,0.0
buttonsa,1,4.037630718294505e-05,0.0,0.0
netscapenavigator,1,4.037630718294505e-05,0.0,0.0
symbol,1,4.037630718294505e-05,0.0,0.0
toconvert,1,4.037630718294505e-05,0.0,0.0
elementsjava,1,4.037630718294505e-05,0.0,0.0
issue,1,4.037630718294505e-05,0.0,0.0
inaccessible,1,4.037630718294505e-05,0.0,0.0
including,1,4.037630718294505e-05,0.0,0.0
precedence,1,4.037630718294505e-05,0.0,0.0
bindjava,1,4.037630718294505e-05,0.0,0.0
linked,1,4.037630718294505e-05,0.0,0.0
executionan,1,4.037630718294505e-05,0.0,0.0
needsto,1,4.037630718294505e-05,0.0,0.0
atruntime,1,4.037630718294505e-05,0.0,0.0
harm,1,4.037630718294505e-05,0.0,0.0
takes,1,4.037630718294505e-05,0.0,0.0
highest,1,4.037630718294505e-05,0.0,0.0
structs,1,4.037630718294505e-05,0.0,0.0
exceptionsjava,1,4.037630718294505e-05,0.0,0.0
unnecessarily,1,4.037630718294505e-05,0.0,0.0
think,1,4.037630718294505e-05,0.0,0.0
typesint,1,4.037630718294505e-05,0.0,0.0
undefined,1,4.037630718294505e-05,0.0,0.0
inflexible,1,4.037630718294505e-05,0.0,0.0
whenquitting,1,4.037630718294505e-05,0.0,0.0
difficult,1,4.037630718294505e-05,0.0,0.0
superclass,1,4.037630718294505e-05,0.0,0.0
problemsbecause,1,4.037630718294505e-05,0.0,0.0
specified,1,4.037630718294505e-05,0.0,0.0
something,1,4.037630718294505e-05,0.0,0.0
codedirectly,1,4.037630718294505e-05,0.0,0.0
translates,1,4.037630718294505e-05,0.0,0.0
find,1,4.037630718294505e-05,0.0,0.0
latest,1,4.037630718294505e-05,0.0,0.0
looks,1,4.037630718294505e-05,0.0,0.0
jumping,1,4.037630718294505e-05,0.0,0.0
virtually,1,4.037630718294505e-05,0.0,0.0
whenever,1,4.037630718294505e-05,0.0,0.0
orviruses,1,4.037630718294505e-05,0.0,0.0
surroundingit,1,4.037630718294505e-05,0.0,0.0
valuesarguments,1,4.037630718294505e-05,0.0,0.0
files,1,4.037630718294505e-05,0.0,0.0
typesprimitive,1,4.037630718294505e-05,0.0,0.0
block,1,4.037630718294505e-05,0.0,0.0
efficiency,1,4.037630718294505e-05,0.0,0.0
isrevisited,1,4.037630718294505e-05,0.0,0.0
contained,1,4.037630718294505e-05,0.0,0.0
operating,1,4.037630718294505e-05,0.0,0.0
definitionsimport,1,4.037630718294505e-05,0.0,0.0
effects,1,4.037630718294505e-05,0.0,0.0
alljava,1,4.037630718294505e-05,0.0,0.0
statementsstatementexamplesifif,1,4.037630718294505e-05,0.0,0.0
leaked,1,4.037630718294505e-05,0.0,0.0
representation,1,4.037630718294505e-05,0.0,0.0
intsnew,1,4.037630718294505e-05,0.0,0.0
efficient,1,4.037630718294505e-05,0.0,0.0
integrateyour,1,4.037630718294505e-05,0.0,0.0
objectsuperthe,1,4.037630718294505e-05,0.0,0.0
differences,1,4.037630718294505e-05,0.0,0.0
next,1,4.037630718294505e-05,0.0,0.0
follows,1,4.037630718294505e-05,0.0,0.0
themout,1,4.037630718294505e-05,0.0,0.0
leaves,1,4.037630718294505e-05,0.0,0.0
testcommentsjava,1,4.037630718294505e-05,0.0,0.0
giant,1,4.037630718294505e-05,0.0,0.0
phase,1,4.037630718294505e-05,0.0,0.0
deallocated,1,4.037630718294505e-05,0.0,0.0
specifically,1,4.037630718294505e-05,0.0,0.0
figure,1,4.037630718294505e-05,0.0,0.0
literaltrue,1,4.037630718294505e-05,0.0,0.0
constantsvariables,1,4.037630718294505e-05,0.0,0.0
loadable,1,4.037630718294505e-05,0.0,0.0
signature,1,4.037630718294505e-05,0.0,0.0
implied,1,4.037630718294505e-05,0.0,0.0
removed,1,4.037630718294505e-05,0.0,0.0
paramtest,1,4.037630718294505e-05,0.0,0.0
allocateduntil,1,4.037630718294505e-05,0.0,0.0
aplications,1,4.037630718294505e-05,0.0,0.0
freeing,1,4.037630718294505e-05,0.0,0.0
body,1,4.037630718294505e-05,0.0,0.0
dlls,1,4.037630718294505e-05,0.0,0.0
optionally,1,4.037630718294505e-05,0.0,0.0
means,1,4.037630718294505e-05,0.0,0.0
burden,1,4.037630718294505e-05,0.0,0.0
pointerb,1,4.037630718294505e-05,0.0,0.0
rewrite,1,4.037630718294505e-05,0.0,0.0
tnew,1,4.037630718294505e-05,0.0,0.0
crashesduring,1,4.037630718294505e-05,0.0,0.0
pointeryou,1,4.037630718294505e-05,0.0,0.0
becomes,1,4.037630718294505e-05,0.0,0.0
javaruntime,1,4.037630718294505e-05,0.0,0.0
lowercase,1,4.037630718294505e-05,0.0,0.0
linking,1,4.037630718294505e-05,0.0,0.0
macapplication,1,4.037630718294505e-05,0.0,0.0
creation,1,4.037630718294505e-05,0.0,0.0
terminates,1,4.037630718294505e-05,0.0,0.0
well,1,4.037630718294505e-05,0.0,0.0
calling,1,4.037630718294505e-05,0.0,0.0
things,1,4.037630718294505e-05,0.0,0.0
combination,1,4.037630718294505e-05,0.0,0.0
iconifyyour,1,4.037630718294505e-05,0.0,0.0
deep,1,4.037630718294505e-05,0.0,0.0
lifecyclemethodsthe,1,4.037630718294505e-05,0.0,0.0
generatedocumentation,1,4.037630718294505e-05,0.0,0.0
vspace,1,4.037630718294505e-05,0.0,0.0
cloneable,1,4.037630718294505e-05,0.0,0.0
applicationconsider,1,4.037630718294505e-05,0.0,0.0
allocatesmemory,1,4.037630718294505e-05,0.0,0.0
yourbrowser,1,4.037630718294505e-05,0.0,0.0
ifyou,1,4.037630718294505e-05,0.0,0.0
deallocates,1,4.037630718294505e-05,0.0,0.0
several,1,4.037630718294505e-05,0.0,0.0
loader,1,4.037630718294505e-05,0.0,0.0
anything,1,4.037630718294505e-05,0.0,0.0
intsvector,1,4.037630718294505e-05,0.0,0.0
blank,1,4.037630718294505e-05,0.0,0.0
allowed,1,4.037630718294505e-05,0.0,0.0
local,1,4.037630718294505e-05,0.0,0.0
nested,1,4.037630718294505e-05,0.0,0.0
semanticswe,1,4.037630718294505e-05,0.0,0.0
defense,1,4.037630718294505e-05,0.0,0.0
structurea,1,4.037630718294505e-05,0.0,0.0
andt,1,4.037630718294505e-05,0.0,0.0
suffixdouble,1,4.037630718294505e-05,0.0,0.0
amethod,1,4.037630718294505e-05,0.0,0.0
copyjava,1,4.037630718294505e-05,0.0,0.0
lines,1,4.037630718294505e-05,0.0,0.0
arraysint,1,4.037630718294505e-05,0.0,0.0
commenting,1,4.037630718294505e-05,0.0,0.0
togroup,1,4.037630718294505e-05,0.0,0.0
area,1,4.037630718294505e-05,0.0,0.0
usestringbuffer,1,4.037630718294505e-05,0.0,0.0
runs,1,4.037630718294505e-05,0.0,0.0
acompilation,1,4.037630718294505e-05,0.0,0.0
immediately,1,4.037630718294505e-05,0.0,0.0
converted,1,4.037630718294505e-05,0.0,0.0
multiple,1,4.037630718294505e-05,0.0,0.0
back,1,4.037630718294505e-05,0.0,0.0
sends,1,4.037630718294505e-05,0.0,0.0
acollection,1,4.037630718294505e-05,0.0,0.0
scoped,1,4.037630718294505e-05,0.0,0.0
fromall,1,4.037630718294505e-05,0.0,0.0
interesting,1,4.037630718294505e-05,0.0,0.0
thisstatement,1,4.037630718294505e-05,0.0,0.0
considered,1,4.037630718294505e-05,0.0,0.0
typeelement,1,4.037630718294505e-05,0.0,0.0
accompanying,1,4.037630718294505e-05,0.0,0.0
broad,1,4.037630718294505e-05,0.0,0.0
shallow,1,4.037630718294505e-05,0.0,0.0
assignments,1,4.037630718294505e-05,0.0,0.0
leaks,1,4.037630718294505e-05,0.0,0.0
plus,1,4.037630718294505e-05,0.0,0.0
systems,1,4.037630718294505e-05,0.0,0.0
attemptingto,1,4.037630718294505e-05,0.0,0.0
semanticsportabilityjava,1,4.037630718294505e-05,0.0,0.0
objectgeneral,1,4.037630718294505e-05,0.0,0.0
atjava,1,4.037630718294505e-05,0.0,0.0
objectprimitive,1,4.037630718294505e-05,0.0,0.0
javadoc,1,4.037630718294505e-05,0.0,0.0
page,1,4.037630718294505e-05,0.0,0.0
functionwould,1,4.037630718294505e-05,0.0,0.0
conversions,1,4.037630718294505e-05,0.0,0.0
youoverride,1,4.037630718294505e-05,0.0,0.0
returns,1,4.037630718294505e-05,0.0,0.0
applies,1,4.037630718294505e-05,0.0,0.0
frameremoves,1,4.037630718294505e-05,0.0,0.0
completely,1,4.037630718294505e-05,0.0,0.0
pointed,1,4.037630718294505e-05,0.0,0.0
visible,1,4.037630718294505e-05,0.0,0.0
longerneeded,1,4.037630718294505e-05,0.0,0.0
objectresults,1,4.037630718294505e-05,0.0,0.0
internally,1,4.037630718294505e-05,0.0,0.0
together,1,4.037630718294505e-05,0.0,0.0
say,1,4.037630718294505e-05,0.0,0.0
objectsin,1,4.037630718294505e-05,0.0,0.0
nonportable,1,4.037630718294505e-05,0.0,0.0
aseparate,1,4.037630718294505e-05,0.0,0.0
classpath,1,4.037630718294505e-05,0.0,0.0
forfor,1,4.037630718294505e-05,0.0,0.0
command,1,4.037630718294505e-05,0.0,0.0
statwhilewhile,1,4.037630718294505e-05,0.0,0.0
another,1,4.037630718294505e-05,0.0,0.0
intentionally,1,4.037630718294505e-05,0.0,0.0
suffixhexadecimal,1,4.037630718294505e-05,0.0,0.0
tobe,1,4.037630718294505e-05,0.0,0.0
redrawn,1,4.037630718294505e-05,0.0,0.0
hostplatform,1,4.037630718294505e-05,0.0,0.0
portions,1,4.037630718294505e-05,0.0,0.0
reduces,1,4.037630718294505e-05,0.0,0.0
objectsassignment,1,4.037630718294505e-05,0.0,0.0
incorrect,1,4.037630718294505e-05,0.0,0.0
sections,1,4.037630718294505e-05,0.0,0.0
listed,1,4.037630718294505e-05,0.0,0.0
programinstantiates,1,4.037630718294505e-05,0.0,0.0
potential,1,4.037630718294505e-05,0.0,0.0
created,1,4.037630718294505e-05,0.0,0.0
operations,1,4.037630718294505e-05,0.0,0.0
jperforms,1,4.037630718294505e-05,0.0,0.0
making,1,4.037630718294505e-05,0.0,0.0
standardoutput,1,4.037630718294505e-05,0.0,0.0
abc,1,4.037630718294505e-05,0.0,0.0
functionthat,1,4.037630718294505e-05,0.0,0.0
descriptionidi,1,4.037630718294505e-05,0.0,0.0
align,1,4.037630718294505e-05,0.0,0.0
respond,1,4.037630718294505e-05,0.0,0.0
lack,1,4.037630718294505e-05,0.0,0.0
square,1,4.037630718294505e-05,0.0,0.0
convention,1,4.037630718294505e-05,0.0,0.0
bepreceded,1,4.037630718294505e-05,0.0,0.0
typesthe,1,4.037630718294505e-05,0.0,0.0
discussed,1,4.037630718294505e-05,0.0,0.0
implementor,1,4.037630718294505e-05,0.0,0.0
diagram,1,4.037630718294505e-05,0.0,0.0
useful,1,4.037630718294505e-05,0.0,0.0
standalone,1,4.037630718294505e-05,0.0,0.0
compared,1,4.037630718294505e-05,0.0,0.0
sizes,1,4.037630718294505e-05,0.0,0.0
often,1,4.037630718294505e-05,0.0,0.0
designed,1,4.037630718294505e-05,0.0,0.0
appropriate,1,4.037630718294505e-05,0.0,0.0
integerint,1,4.037630718294505e-05,0.0,0.0
basicstopics,1,4.037630718294505e-05,0.0,0.0
stored,1,4.037630718294505e-05,0.0,0.0
tostring,1,4.037630718294505e-05,0.0,0.0
notices,1,4.037630718294505e-05,0.0,0.0
calledequals,1,4.037630718294505e-05,0.0,0.0
archives,1,4.037630718294505e-05,0.0,0.0
appletthe,1,4.037630718294505e-05,0.0,0.0
pretend,1,4.037630718294505e-05,0.0,0.0
forexample,1,4.037630718294505e-05,0.0,0.0
bring,1,4.037630718294505e-05,0.0,0.0
deallocating,1,4.037630718294505e-05,0.0,0.0
common,1,4.037630718294505e-05,0.0,0.0
jim,1,4.037630718294505e-05,0.0,0.0
thisthe,1,4.037630718294505e-05,0.0,0.0
ofyour,1,4.037630718294505e-05,0.0,0.0
closing,1,4.037630718294505e-05,0.0,0.0
notspecify,1,4.037630718294505e-05,0.0,0.0
interfaces,1,4.037630718294505e-05,0.0,0.0
objectoperatorsthe,1,4.037630718294505e-05,0.0,0.0
advantage,1,4.037630718294505e-05,0.0,0.0
hspace,1,4.037630718294505e-05,0.0,0.0
tedious,1,4.037630718294505e-05,0.0,0.0
treated,1,4.037630718294505e-05,0.0,0.0
stale,1,4.037630718294505e-05,0.0,0.0
fill,1,4.037630718294505e-05,0.0,0.0
outside,1,4.037630718294505e-05,0.0,0.0
objectsbutton,1,4.037630718294505e-05,0.0,0.0
heapwould,1,4.037630718294505e-05,0.0,0.0
scrollbars,1,4.037630718294505e-05,0.0,0.0
illegal,1,4.037630718294505e-05,0.0,0.0
old,1,4.037630718294505e-05,0.0,0.0
asnew,1,4.037630718294505e-05,0.0,0.0
otherjava,1,4.037630718294505e-05,0.0,0.0
implements,1,4.037630718294505e-05,0.0,0.0
modified,1,4.037630718294505e-05,0.0,0.0
codebutton,1,4.037630718294505e-05,0.0,0.0
andformats,1,4.037630718294505e-05,0.0,0.0
deiconify,1,4.037630718294505e-05,0.0,0.0
apply,1,4.037630718294505e-05,0.0,0.0
publicly,1,4.037630718294505e-05,0.0,0.0
proper,1,4.037630718294505e-05,0.0,0.0
context,1,4.037630718294505e-05,0.0,0.0
statementsjava,1,4.037630718294505e-05,0.0,0.0
happens,1,4.037630718294505e-05,0.0,0.0
youmust,1,4.037630718294505e-05,0.0,0.0
invalid,1,4.037630718294505e-05,0.0,0.0
equalitytwo,1,4.037630718294505e-05,0.0,0.0
leading,1,4.037630718294505e-05,0.0,0.0
literals,1,4.037630718294505e-05,0.0,0.0
returnreturn,1,4.037630718294505e-05,0.0,0.0
lowest,1,4.037630718294505e-05,0.0,0.0
applettemplate,1,4.037630718294505e-05,0.0,0.0
equivalentcode,1,4.037630718294505e-05,0.0,0.0
realobjects,1,4.037630718294505e-05,0.0,0.0
tells,1,4.037630718294505e-05,0.0,0.0
codenew,1,4.037630718294505e-05,0.0,0.0
complexity,1,4.037630718294505e-05,0.0,0.0
computer,1,4.037630718294505e-05,0.0,0.0
consequence,1,4.037630718294505e-05,0.0,0.0
mandatory,1,4.037630718294505e-05,0.0,0.0
software,1,4.037630718294505e-05,0.0,0.0
displays,1,4.037630718294505e-05,0.0,0.0
arithmeticjava,1,4.037630718294505e-05,0.0,0.0
stats,1,4.037630718294505e-05,0.0,0.0
character,1,4.037630718294505e-05,0.0,0.0
onetwo,1,4.037630718294505e-05,0.0,0.0
avoid,1,4.037630718294505e-05,0.0,0.0
availablefor,1,4.037630718294505e-05,0.0,0.0
methodshould,1,4.037630718294505e-05,0.0,0.0
thereby,1,4.037630718294505e-05,0.0,0.0
much,1,4.037630718294505e-05,0.0,0.0
keywords,1,4.037630718294505e-05,0.0,0.0
methodcauses,1,4.037630718294505e-05,0.0,0.0
across,1,4.037630718294505e-05,0.0,0.0
executionsequence,1,4.037630718294505e-05,0.0,0.0
translated,1,4.037630718294505e-05,0.0,0.0
demand,1,4.037630718294505e-05,0.0,0.0
major,1,4.037630718294505e-05,0.0,0.0
order,1,4.037630718294505e-05,0.0,0.0
try,1,4.037630718294505e-05,0.0,0.0
thereforejava,1,4.037630718294505e-05,0.0,0.0
libraries,1,4.037630718294505e-05,0.0,0.0
many,1,4.037630718294505e-05,0.0,0.0
notpresent,1,4.037630718294505e-05,0.0,0.0
processed,1,4.037630718294505e-05,0.0,0.0
parameterscodebase,1,4.037630718294505e-05,0.0,0.0
flavors,1,4.037630718294505e-05,0.0,0.0
copysemantics,1,4.037630718294505e-05,0.0,0.0
descriptionjava,1,4.037630718294505e-05,0.0,0.0
drawing,1,4.037630718294505e-05,0.0,0.0
leads,1,4.037630718294505e-05,0.0,0.0
commentary,1,4.037630718294505e-05,0.0,0.0
thedirectories,1,4.037630718294505e-05,0.0,0.0
terence,1,4.037630718294505e-05,0.0,0.0
ishandled,1,4.037630718294505e-05,0.0,0.0
concatenated,1,4.037630718294505e-05,0.0,0.0
onany,1,4.037630718294505e-05,0.0,0.0
commentswhere,1,4.037630718294505e-05,0.0,0.0
effort,1,4.037630718294505e-05,0.0,0.0
remains,1,4.037630718294505e-05,0.0,0.0
executionthe,1,4.037630718294505e-05,0.0,0.0
javavariables,1,4.037630718294505e-05,0.0,0.0
owner,1,4.037630718294505e-05,0.0,0.0
arrayobject,1,4.037630718294505e-05,0.0,0.0
distributed,1,4.037630718294505e-05,0.0,0.0
beginwith,1,4.037630718294505e-05,0.0,0.0
details,1,4.037630718294505e-05,0.0,0.0
related,1,4.037630718294505e-05,0.0,0.0
calledonce,1,4.037630718294505e-05,0.0,0.0
javalanguage,1,4.037630718294505e-05,0.0,0.0
members,1,4.037630718294505e-05,0.0,0.0
named,1,4.037630718294505e-05,0.0,0.0
thedifference,1,4.037630718294505e-05,0.0,0.0
allocation,1,4.037630718294505e-05,0.0,0.0
also,1,4.037630718294505e-05,0.0,0.0
methodsrobustnessthe,1,4.037630718294505e-05,0.0,0.0
bitmaps,1,4.037630718294505e-05,0.0,0.0
relieving,1,4.037630718294505e-05,0.0,0.0
ifthey,1,4.037630718294505e-05,0.0,0.0
content,1,4.037630718294505e-05,0.0,0.0
requires,1,4.037630718294505e-05,0.0,0.0
typespurely,1,4.037630718294505e-05,0.0,0.0
creating,1,4.037630718294505e-05,0.0,0.0
referred,1,4.037630718294505e-05,0.0,0.0
obtained,1,4.037630718294505e-05,0.0,0.0
normal,1,4.037630718294505e-05,0.0,0.0
thatspecify,1,4.037630718294505e-05,0.0,0.0
tosubclass,1,4.037630718294505e-05,0.0,0.0
collectionan,1,4.037630718294505e-05,0.0,0.0
internet,1,4.037630718294505e-05,0.0,0.0
observation,1,4.037630718294505e-05,0.0,0.0
mainwindow,1,4.037630718294505e-05,0.0,0.0
leakage,1,4.037630718294505e-05,0.0,0.0
guaranteed,1,4.037630718294505e-05,0.0,0.0
forget,1,4.037630718294505e-05,0.0,0.0
injava,1,4.037630718294505e-05,0.0,0.0
searches,1,4.037630718294505e-05,0.0,0.0
referring,1,4.037630718294505e-05,0.0,0.0
javaobject,1,4.037630718294505e-05,0.0,0.0
current,1,4.037630718294505e-05,0.0,0.0
interfacethe,1,4.037630718294505e-05,0.0,0.0
